,room_id,host_id,room_type,borough,neighborhood,reviews,overall_satisfaction,accommodates,bedrooms,price,minstay,latitude,longitude,last_modified
1,5823226,23232697,Entire home/apt,NA,Grand Parc - Paul Doumer,16,5,4,2,108,NA,44.852161,-0.573915,39:38.3
2,17933024,122980813,Private room,NA,Victor Hugo - Saint-Augustin,0,0,2,1,38,NA,44.824126,-0.597942,34:32.8
3,15863996,17831049,Entire home/apt,NA,Victor Hugo - Saint-Augustin,9,5,2,1,61,NA,44.835282,-0.575045,04:38.3
4,17759038,97886337,Entire home/apt,NA,Bordeaux Sud,0,0,2,0,52,NA,44.826812,-0.558066,08:45.1
5,16721707,110837889,Entire home/apt,NA,Saint-Michel - Nansouty - Saint-Genès,2,0,2,1,77,NA,44.834313,-0.564212,53:11.4
6,9326971,48408228,Entire home/apt,NA,La Bastide,0,0,2,1,28,NA,44.840964,-0.555693,54:05.7
7,2492753,9382960,Entire home/apt,NA,Centre ville,15,4.5,4,2,176,NA,44.843082,-0.582329,43:53.2
8,13431338,76531404,Entire home/apt,NA,Centre ville,2,0,2,1,110,NA,44.84025,-0.57125,39:38.4
9,12754560,69377658,Entire home/apt,NA,Grand Parc - Paul Doumer,2,0,5,2,76,NA,44.849787,-0.571738,52:31.4
10,12674158,68863683,Private room,NA,Saint-Michel - Nansouty - Saint-Genès,6,4,2,1,35,NA,44.833277,-0.561647,30:36.0
11,5534102,26373513,Entire home/apt,NA,Bordeaux Maritime,0,0,2,1,33,NA,44.876048,-0.551895,54:07.8
12,13899838,82372919,Entire home/apt,NA,Victor Hugo - Saint-Augustin,3,4.5,2,0,35,NA,44.831609,-0.582335,54:09.5
13,9262538,11379759,Entire home/apt,NA,Centre ville,0,0,4,2,156,NA,44.848062,-0.587815,43:51.4
14,13894591,82309292,Entire home/apt,NA,Centre ville,9,4.5,4,1,39,NA,44.843197,-0.580091,56:02.4
15,5900050,28207618,Private room,NA,Saint-Michel - Nansouty - Saint-Genès,15,5,2,1,66,NA,44.823938,-0.584512,44:53.4
16,16249656,74198321,Private room,NA,Victor Hugo - Saint-Augustin,10,4,1,1,27,NA,44.832872,-0.584821,32:55.7
17,16108682,72691486,Entire home/apt,NA,Victor Hugo - Saint-Augustin,0,0,2,0,77,NA,44.836943,-0.567901,54:20.8
18,14549499,10639337,Private room,NA,Saint-Michel - Nansouty - Saint-Genès,3,5,2,1,41,NA,44.833821,-0.566291,52:38.4
19,7864603,11767554,Entire home/apt,NA,Victor Hugo - Saint-Augustin,101,4,4,1,60,NA,44.832546,-0.584522,59:29.4
20,15813960,5416316,Entire home/apt,NA,Victor Hugo - Saint-Augustin,4,5,2,1,65,NA,44.837751,-0.57102,51:39.6
21,12896937,70631976,Entire home/apt,NA,Victor Hugo - Saint-Augustin,8,4.5,8,4,224,NA,44.835307,-0.569803,44:22.2
22,13197228,72691486,Entire home/apt,NA,Centre ville,0,0,4,2,165,NA,44.842693,-0.578041,43:44.9
23,17506093,83159728,Private room,NA,Grand Parc - Paul Doumer,3,4,2,1,19,NA,44.852038,-0.575446,30:20.5
24,15323812,5279031,Entire home/apt,NA,Grand Parc - Paul Doumer,12,4.5,2,1,49,NA,44.847555,-0.579871,59:22.6
25,1622317,8058908,Private room,NA,Victor Hugo - Saint-Augustin,0,0,2,1,61,NA,44.832884,-0.585108,42:59.2
26,11924647,63238876,Entire home/apt,NA,Centre ville,6,4.5,3,0,105,NA,44.84262,-0.571916,39:40.2
27,13546197,41802515,Entire home/apt,NA,Victor Hugo - Saint-Augustin,6,4.5,4,2,181,NA,44.836375,-0.573128,43:56.4
28,4834302,24885086,Entire home/apt,NA,Victor Hugo - Saint-Augustin,122,4,2,1,46,NA,44.835287,-0.573774,01:18.1
29,13681691,54447841,Entire home/apt,NA,Caudéran,0,0,2,0,44,NA,44.841188,-0.627971,40:44.2
30,8124509,32978927,Entire home/apt,NA,Victor Hugo - Saint-Augustin,28,4.5,4,1,65,NA,44.832499,-0.583131,57:59.9
31,16648344,37563447,Entire home/apt,NA,Centre ville,6,4.5,3,1,55,NA,44.845479,-0.580212,59:41.8
32,2577939,4302412,Entire home/apt,NA,Saint-Michel - Nansouty - Saint-Genès,27,4,2,0,44,NA,44.829459,-0.576777,59:37.6
33,13196527,63520152,Entire home/apt,NA,Victor Hugo - Saint-Augustin,1,0,4,2,143,NA,44.831969,-0.586899,43:27.2
34,5535790,4409966,Entire home/apt,NA,Centre ville,70,5,3,1,88,NA,44.838485,-0.574924,26:17.6
35,13904464,7541414,Entire home/apt,NA,Grand Parc - Paul Doumer,0,0,6,2,214,NA,44.852508,-0.581025,44:18.1
36,11029987,32973245,Private room,NA,Bordeaux Sud,3,4.5,2,1,55,NA,44.826221,-0.571123,42:49.7
37,793746,4181425,Entire home/apt,NA,Bordeaux Sud,97,4.5,2,1,77,NA,44.827623,-0.571174,51:37.4
38,3666548,18593213,Entire home/apt,NA,Bordeaux Maritime,12,4,3,1,54,NA,44.853459,-0.569103,01:42.0
39,12263688,35234005,Entire home/apt,NA,Bordeaux Maritime,5,5,4,2,65,NA,44.879475,-0.571327,51:10.1
40,16922434,113028135,Entire home/apt,NA,Centre ville,6,4.5,2,1,61,NA,44.842429,-0.575113,02:45.4
41,13036357,34204286,Private room,NA,Victor Hugo - Saint-Augustin,37,5,2,1,43,NA,44.826372,-0.588922,42:39.2
42,17137930,55416872,Entire home/apt,NA,Grand Parc - Paul Doumer,7,5,3,1,40,NA,44.850014,-0.571831,53:55.2
43,16487741,83680762,Entire home/apt,NA,Centre ville,0,0,4,0,49,NA,44.83839,-0.587854,04:05.6
44,12815670,15683955,Private room,NA,Caudéran,4,5,2,1,24,NA,44.839884,-0.620191,36:50.5
45,7153542,8264268,Entire home/apt,NA,Grand Parc - Paul Doumer,11,5,4,1,82,NA,44.851128,-0.573417,52:29.8
46,13498535,6565642,Private room,NA,Saint-Michel - Nansouty - Saint-Genès,12,5,2,1,33,NA,44.832899,-0.562418,29:20.6
47,6084845,31580334,Entire home/apt,NA,Bordeaux Maritime,25,4,5,2,165,NA,44.867558,-0.549978,43:41.5
48,6274979,32612121,Entire home/apt,NA,Grand Parc - Paul Doumer,9,4.5,2,1,66,NA,44.851768,-0.573136,51:06.2
49,5974963,31018020,Entire home/apt,NA,Victor Hugo - Saint-Augustin,3,4.5,2,1,55,NA,44.835273,-0.580766,04:45.0
50,3301995,16675969,Entire home/apt,NA,Saint-Michel - Nansouty - Saint-Genès,14,4,4,1,44,NA,44.82625,-0.576682,09:23.0
51,13077590,28440576,Entire home/apt,NA,Saint-Michel - Nansouty - Saint-Genès,5,4.5,2,0,55,NA,44.823688,-0.575036,09:18.0
52,4635450,24002566,Private room,NA,Centre ville,19,4.5,2,1,34,NA,44.847181,-0.59421,31:00.5
53,7684187,24450878,Entire home/apt,NA,Bordeaux Sud,7,4.5,2,0,55,NA,44.830803,-0.56005,06:43.8
54,15537687,6926777,Entire home/apt,NA,Bordeaux Sud,3,4.5,4,1,99,NA,44.826543,-0.554418,30:07.5
55,9015614,9689055,Entire home/apt,NA,Centre ville,5,4.5,2,0,49,NA,44.839341,-0.581486,04:02.4
56,13507844,47770256,Private room,NA,Centre ville,4,5,2,1,43,NA,44.838894,-0.572264,42:38.0
57,3528379,17287540,Private room,NA,Victor Hugo - Saint-Augustin,4,4,2,1,33,NA,44.837629,-0.571479,30:44.0
58,13313216,75242941,Private room,NA,Grand Parc - Paul Doumer,2,0,2,1,38,NA,44.85158,-0.587787,29:28.2
59,2712136,9382960,Entire home/apt,NA,Centre ville,5,4.5,5,2,165,NA,44.842845,-0.579253,44:00.2
60,10706949,55325180,Entire home/apt,NA,Bordeaux Maritime,24,4.5,5,2,55,NA,44.869581,-0.552661,00:46.3
61,17214051,70792194,Entire home/apt,NA,Centre ville,2,0,6,2,82,NA,44.846268,-0.583507,54:50.5
62,6164139,26634821,Entire home/apt,NA,Grand Parc - Paul Doumer,0,0,6,3,110,NA,44.854166,-0.591489,40:21.3
63,7237547,37888922,Private room,NA,Saint-Michel - Nansouty - Saint-Genès,19,4.5,2,1,44,NA,44.833396,-0.567292,42:57.4
64,1208526,3144653,Entire home/apt,NA,Centre ville,2,0,8,5,440,NA,44.844279,-0.590115,44:45.4
65,14037549,73066658,Entire home/apt,NA,Centre ville,24,4.5,3,2,66,NA,44.83942,-0.578058,50:56.8
66,15802038,64771568,Entire home/apt,NA,Saint-Michel - Nansouty - Saint-Genès,4,4.5,2,1,77,NA,44.83436,-0.574075,50:50.1
67,13400279,76270682,Private room,NA,Bordeaux Maritime,0,0,2,1,110,NA,44.87812,-0.541655,45:08.4
68,10267864,52794264,Entire home/apt,NA,Centre ville,2,0,3,1,132,NA,44.842688,-0.589172,40:15.8
69,16225069,106020648,Entire home/apt,NA,La Bastide,0,0,6,3,82,NA,44.84142,-0.550252,52:05.2
70,16775140,17832583,Entire home/apt,NA,Victor Hugo - Saint-Augustin,3,4.5,6,3,99,NA,44.831856,-0.593992,26:18.4
71,2470986,8731486,Entire home/apt,NA,Centre ville,4,4,4,1,82,NA,44.840024,-0.579313,58:47.4
72,17761646,121162802,Entire home/apt,NA,Saint-Michel - Nansouty - Saint-Genès,0,0,2,0,38,NA,44.828152,-0.573997,54:07.8
73,13211631,74075634,Private room,NA,Centre ville,0,0,2,1,33,NA,44.839087,-0.59507,48:47.9
74,13057734,17252957,Entire home/apt,NA,Victor Hugo - Saint-Augustin,7,5,2,1,55,NA,44.837884,-0.5682,02:20.0
75,1612990,8586420,Private room,NA,Centre ville,19,4.5,3,1,75,NA,44.847068,-0.588767,44:49.5
76,4742378,24479657,Entire home/apt,NA,Grand Parc - Paul Doumer,18,4.5,2,0,55,NA,44.852015,-0.58071,02:41.5
77,16624148,64728877,Entire home/apt,NA,Centre ville,6,5,2,0,40,NA,44.8392,-0.597502,54:09.5
78,15542669,21124300,Entire home/apt,NA,Centre ville,11,4.5,5,2,77,NA,44.840049,-0.568193,53:15.0
79,4059078,9460312,Entire home/apt,NA,Saint-Michel - Nansouty - Saint-Genès,15,4.5,4,1,47,NA,44.823203,-0.577814,09:18.7
80,11315932,59177819,Entire home/apt,NA,Saint-Michel - Nansouty - Saint-Genès,62,4.5,2,1,66,NA,44.834164,-0.571983,50:52.3
81,8851899,46350907,Entire home/apt,NA,Centre ville,4,5,2,1,66,NA,44.8395,-0.568966,50:58.5
82,7238488,37898313,Entire home/apt,NA,Saint-Michel - Nansouty - Saint-Genès,10,4.5,6,2,99,NA,44.825065,-0.577626,26:26.5
83,6605612,34563150,Entire home/apt,NA,Saint-Michel - Nansouty - Saint-Genès,58,4.5,4,1,61,NA,44.826279,-0.574541,59:45.9
84,17197845,72846595,Entire home/apt,NA,Saint-Michel - Nansouty - Saint-Genès,0,0,8,3,153,NA,44.83178,-0.564871,43:38.2
85,13429025,49935696,Entire home/apt,NA,Centre ville,30,4.5,2,1,53,NA,44.842178,-0.574093,59:24.3
86,3779078,15101678,Entire home/apt,NA,Victor Hugo - Saint-Augustin,87,4.5,2,0,36,NA,44.833664,-0.578238,54:12.7
87,4216315,2999420,Entire home/apt,NA,Victor Hugo - Saint-Augustin,0,0,3,1,49,NA,44.835629,-0.57424,05:38.7
88,9763342,5413932,Entire home/apt,NA,Centre ville,0,0,4,1,46,NA,44.840477,-0.596046,11:57.5
89,11837948,38270871,Private room,NA,Bordeaux Maritime,23,4.5,2,1,33,NA,44.856736,-0.561606,29:22.2
90,8820984,5105322,Private room,NA,Bordeaux Sud,4,5,2,1,33,NA,44.822192,-0.565227,32:17.8
91,844993,4411391,Entire home/apt,NA,Bordeaux Maritime,4,5,5,2,76,NA,44.856763,-0.562705,51:13.1
92,8479057,15390427,Private room,NA,Bordeaux Sud,16,4.5,2,1,44,NA,44.824926,-0.552189,44:07.6
93,13517360,2821738,Private room,NA,Centre ville,0,0,1,1,38,NA,44.833984,-0.590106,39:48.2
94,1285508,6994026,Entire home/apt,NA,Centre ville,2,0,4,2,137,NA,44.83965,-0.570011,43:32.8
95,5779044,24323107,Entire home/apt,NA,Centre ville,120,5,2,1,71,NA,44.838439,-0.57005,50:51.4
96,15662666,20926582,Entire home/apt,NA,Saint-Michel - Nansouty - Saint-Genès,6,5,4,1,52,NA,44.832564,-0.563953,06:36.0
97,16142765,44937884,Entire home/apt,NA,Bordeaux Maritime,3,5,2,1,99,NA,44.857857,-0.567135,26:11.8
98,10714168,10467344,Entire home/apt,NA,Grand Parc - Paul Doumer,40,4.5,4,1,53,NA,44.851397,-0.570011,59:30.9
99,12297466,43408026,Entire home/apt,NA,Grand Parc - Paul Doumer,0,0,2,0,77,NA,44.85582,-0.582133,51:29.4
100,13826560,4310833,Entire home/apt,NA,Bordeaux Sud,0,0,4,2,198,NA,44.827603,-0.560354,44:09.4
101,14238835,78917583,Private room,NA,Bordeaux Maritime,0,0,2,1,49,NA,44.882698,-0.549401,42:43.3
102,3280164,16578670,Entire home/apt,NA,Grand Parc - Paul Doumer,70,4.5,4,2,85,NA,44.852433,-0.587739,26:58.1
103,5072251,26193648,Private room,NA,Victor Hugo - Saint-Augustin,0,0,2,1,38,NA,44.83694,-0.574449,32:52.8
104,17114063,54778777,Entire home/apt,NA,Saint-Michel - Nansouty - Saint-Genès,9,4.5,4,0,33,NA,44.827449,-0.582115,54:01.3
105,10802967,21738617,Entire home/apt,NA,Saint-Michel - Nansouty - Saint-Genès,5,4,4,2,82,NA,44.834791,-0.564732,52:13.8
106,15463728,89538063,Entire home/apt,NA,Grand Parc - Paul Doumer,0,0,4,2,137,NA,44.849061,-0.575466,40:10.0
107,16729161,5433894,Entire home/apt,NA,Victor Hugo - Saint-Augustin,1,0,4,1,88,NA,44.828912,-0.595235,29:57.0
108,8683673,34990087,Private room,NA,Bordeaux Maritime,2,0,2,1,32,NA,44.859992,-0.554449,30:26.0
109,14346725,87816020,Entire home/apt,NA,Bordeaux Sud,17,5,3,2,61,NA,44.821759,-0.566877,05:09.8
110,7449107,39011948,Private room,NA,Caudéran,8,4.5,2,1,28,NA,44.847052,-0.611528,37:28.4
111,842761,955520,Entire home/apt,NA,Grand Parc - Paul Doumer,17,4,3,1,44,NA,44.854465,-0.575451,59:54.8
112,13401509,76282218,Entire home/apt,NA,Caudéran,2,0,3,1,77,NA,44.846377,-0.612438,01:52.2
113,8553934,45027140,Private room,NA,Caudéran,10,5,3,1,28,NA,44.844921,-0.612027,29:12.1
114,8586043,26705178,Private room,NA,Bordeaux Sud,25,4.5,2,1,38,NA,44.827435,-0.556892,32:12.8
115,13631608,72632190,Private room,NA,Bordeaux Sud,5,5,2,1,29,NA,44.832069,-0.562211,29:13.2
116,14497259,83277028,Entire home/apt,NA,Grand Parc - Paul Doumer,11,5,2,0,55,NA,44.850163,-0.58556,02:45.4
117,13339427,902672,Entire home/apt,NA,Victor Hugo - Saint-Augustin,15,5,5,2,127,NA,44.836766,-0.572201,43:12.2
118,12802569,7016707,Entire home/apt,NA,Grand Parc - Paul Doumer,8,4.5,2,0,44,NA,44.852083,-0.570497,01:36.1
119,15426705,4631767,Entire home/apt,NA,Saint-Michel - Nansouty - Saint-Genès,2,0,4,2,66,NA,44.834785,-0.567015,52:13.8
120,1083031,5954504,Entire home/apt,NA,Centre ville,13,5,4,2,130,NA,44.842707,-0.573775,43:25.4
121,17619820,22233879,Entire home/apt,NA,Centre ville,0,0,4,1,44,NA,44.841234,-0.571966,02:55.2
122,12811206,69657547,Entire home/apt,NA,Caudéran,3,4.5,9,6,461,NA,44.840669,-0.609631,44:41.2
123,17667573,5021136,Private room,NA,Caudéran,0,0,2,1,46,NA,44.842726,-0.604654,44:32.2
124,867488,4561878,Entire home/apt,NA,Saint-Michel - Nansouty - Saint-Genès,31,4.5,8,3,308,NA,44.832399,-0.574305,44:33.0
125,16095685,104915893,Private room,NA,Centre ville,0,0,2,1,44,NA,44.850212,-0.586452,44:44.7
126,13717842,79775684,Private room,NA,Bordeaux Sud,2,0,2,1,33,NA,44.822366,-0.552312,30:21.3
127,14109685,84987116,Entire home/apt,NA,Centre ville,25,5,2,1,54,NA,44.840439,-0.572013,01:03.5
128,13368871,7690695,Entire home/apt,NA,Victor Hugo - Saint-Augustin,3,4.5,3,0,49,NA,44.835996,-0.579826,04:33.3
129,15978467,9382960,Entire home/apt,NA,Centre ville,0,0,4,1,137,NA,44.842492,-0.575175,43:27.2
130,8819533,32174307,Entire home/apt,NA,Bordeaux Maritime,9,4.5,8,3,110,NA,44.863195,-0.570796,40:11.5
131,15574152,100322632,Private room,NA,Victor Hugo - Saint-Augustin,0,0,2,1,21,NA,44.835789,-0.575976,30:58.6
132,11964543,3347262,Private room,NA,Bordeaux Maritime,11,4.5,2,1,32,NA,44.8688,-0.547923,30:29.2
133,17755617,29990596,Entire home/apt,NA,Grand Parc - Paul Doumer,0,0,3,0,55,NA,44.846997,-0.579588,00:25.2
134,17020028,55427626,Entire home/apt,NA,Saint-Michel - Nansouty - Saint-Genès,1,0,6,2,67,NA,44.825822,-0.572714,03:59.3
135,16459217,107982255,Entire home/apt,NA,Bordeaux Sud,1,0,2,0,37,NA,44.830046,-0.568648,56:48.8
136,13243076,43922007,Entire home/apt,NA,Centre ville,10,4.5,4,2,88,NA,44.843047,-0.580613,26:27.8
137,13172204,18201630,Entire home/apt,NA,La Bastide,16,4.5,3,1,66,NA,44.84027,-0.554555,51:51.0
138,10004935,32581191,Entire home/apt,NA,Saint-Michel - Nansouty - Saint-Genès,14,4.5,4,1,71,NA,44.829784,-0.578858,50:49.2
139,7238809,37814311,Entire home/apt,NA,Saint-Michel - Nansouty - Saint-Genès,0,0,2,1,165,NA,44.824152,-0.578538,43:49.2
140,4586780,11138696,Entire home/apt,NA,Saint-Michel - Nansouty - Saint-Genès,29,4.5,6,2,69,NA,44.832004,-0.568557,51:35.1
141,13110253,59702564,Entire home/apt,NA,Bordeaux Sud,14,5,3,2,99,NA,44.828402,-0.570211,28:50.4
142,5588588,12467535,Entire home/apt,NA,Caudéran,4,5,2,1,88,NA,44.855502,-0.626715,26:48.2
143,7220061,37797587,Private room,NA,Saint-Michel - Nansouty - Saint-Genès,0,0,2,1,39,NA,44.829703,-0.575638,32:39.0
144,17919263,122847242,Entire home/apt,NA,Centre ville,0,0,4,2,96,NA,44.840836,-0.578373,27:36.0
145,16062349,8748586,Entire home/apt,NA,Victor Hugo - Saint-Augustin,0,0,4,2,143,NA,44.837742,-0.567362,40:14.4
146,13502533,49878113,Private room,NA,Victor Hugo - Saint-Augustin,0,0,4,1,165,NA,44.825091,-0.590578,45:14.2
147,16865949,111416555,Entire home/apt,NA,Grand Parc - Paul Doumer,2,0,2,1,77,NA,44.852386,-0.574637,50:43.9
148,16022781,5086197,Entire home/apt,NA,Grand Parc - Paul Doumer,0,0,4,2,165,NA,44.852273,-0.573555,29:29.1
149,7607410,39897386,Entire home/apt,NA,Bordeaux Sud,0,0,3,0,49,NA,44.823944,-0.571864,23:35.7
150,12773803,52512350,Private room,NA,Caudéran,0,0,2,1,110,NA,44.840089,-0.599668,45:08.4
151,1649939,8735717,Private room,NA,Grand Parc - Paul Doumer,19,5,2,1,63,NA,44.854443,-0.583095,53:13.8
152,4331704,22490591,Entire home/apt,NA,Saint-Michel - Nansouty - Saint-Genès,0,0,4,2,219,NA,44.830706,-0.575855,44:24.2
153,6698652,35064060,Entire home/apt,NA,Bordeaux Maritime,55,4.5,2,1,81,NA,44.876928,-0.570823,51:13.1
154,14497397,89503612,Entire home/apt,NA,Caudéran,3,4.5,4,1,77,NA,44.852559,-0.61168,01:52.1
155,3418960,7947022,Entire home/apt,NA,Centre ville,6,5,4,1,55,NA,44.839828,-0.586531,04:55.9
156,13558910,28201546,Entire home/apt,NA,Grand Parc - Paul Doumer,0,0,6,3,308,NA,44.859481,-0.588167,49:50.2
157,16484860,7239393,Entire home/apt,NA,Centre ville,0,0,4,1,346,NA,44.843844,-0.580186,44:45.3
158,6891303,36112188,Entire home/apt,NA,Victor Hugo - Saint-Augustin,15,4.5,2,1,66,NA,44.832962,-0.579652,58:39.4
159,16592585,26070201,Entire home/apt,NA,Centre ville,4,5,2,1,39,NA,44.841171,-0.582495,53:58.0
160,9677406,9626207,Entire home/apt,NA,Bordeaux Sud,0,0,4,1,110,NA,44.828544,-0.571506,40:04.7
161,12480110,67555304,Entire home/apt,NA,Centre ville,11,5,6,2,110,NA,44.838676,-0.56729,40:32.6
162,6471918,8830782,Entire home/apt,NA,Victor Hugo - Saint-Augustin,0,0,2,1,54,NA,44.837342,-0.566946,00:56.0
163,17839973,26866357,Entire home/apt,NA,Victor Hugo - Saint-Augustin,0,0,2,1,40,NA,44.832369,-0.586337,53:56.4
164,13419048,61037433,Entire home/apt,NA,Bordeaux Maritime,0,0,3,1,132,NA,44.861652,-0.563887,43:07.7
165,7213281,13950225,Entire home/apt,NA,Centre ville,30,4.5,4,1,47,NA,44.837696,-0.581206,04:02.3
166,17897385,70921156,Entire home/apt,NA,Saint-Michel - Nansouty - Saint-Genès,0,0,4,1,61,NA,44.83033,-0.579195,01:26.3
167,17339494,117105938,Private room,NA,Centre ville,0,0,2,1,38,NA,44.840987,-0.5984,30:50.3
168,12668835,25250800,Private room,NA,Bordeaux Maritime,0,0,2,1,55,NA,44.85855,-0.556226,43:10.8
169,13822277,81443546,Private room,NA,Centre ville,5,5,2,1,40,NA,44.83882,-0.57594,30:10.1
170,10853451,4793577,Entire home/apt,NA,Grand Parc - Paul Doumer,1,0,4,1,94,NA,44.853287,-0.577112,26:45.0
171,16112768,63200306,Shared room,NA,Bordeaux Maritime,0,0,2,1,22,NA,44.857124,-0.566813,54:02.0
172,17649449,44421100,Entire home/apt,NA,Bordeaux Sud,4,5,2,0,44,NA,44.827504,-0.552942,59:25.3
173,3228212,16339007,Entire home/apt,NA,Centre ville,32,4.5,4,2,82,NA,44.83946,-0.568342,51:34.2
174,8693377,45642703,Entire home/apt,NA,Victor Hugo - Saint-Augustin,14,4.5,4,0,61,NA,44.836491,-0.577057,04:38.3
175,8112742,42838540,Entire home/apt,NA,Victor Hugo - Saint-Augustin,3,4.5,5,3,219,NA,44.834756,-0.607391,44:33.0
176,13309380,74409936,Private room,NA,Centre ville,0,0,2,1,110,NA,44.839085,-0.577671,45:09.7
177,12577363,67657319,Entire home/apt,NA,Grand Parc - Paul Doumer,14,4.5,3,1,44,NA,44.853273,-0.570224,59:54.9
178,14062986,84421208,Entire home/apt,NA,Saint-Michel - Nansouty - Saint-Genès,1,0,2,1,13,NA,44.830673,-0.572637,47:25.5
179,2595614,13277410,Private room,NA,Bordeaux Sud,5,5,2,1,33,NA,44.815107,-0.56626,47:55.3
180,17583415,28466878,Entire home/apt,NA,Victor Hugo - Saint-Augustin,0,0,5,3,121,NA,44.827167,-0.591302,39:55.2
181,13266880,25728930,Entire home/apt,NA,Victor Hugo - Saint-Augustin,4,5,2,1,104,NA,44.835854,-0.570474,40:29.8
182,14865200,93119364,Entire home/apt,NA,Centre ville,12,4.5,2,0,48,NA,44.844861,-0.579554,59:40.4
183,845815,4310833,Entire home/apt,NA,Grand Parc - Paul Doumer,12,5,2,1,104,NA,44.850566,-0.575833,39:38.3
184,12078421,64728877,Entire home/apt,NA,Centre ville,25,5,2,1,45,NA,44.839765,-0.597551,01:06.4
185,6491096,26724843,Entire home/apt,NA,Grand Parc - Paul Doumer,1,0,4,1,77,NA,44.85973,-0.575246,52:57.4
186,16623004,109448341,Private room,NA,La Bastide,0,0,1,1,30,NA,44.840478,-0.557946,35:16.8
187,13159137,25024062,Entire home/apt,NA,Saint-Michel - Nansouty - Saint-Genès,1,0,5,2,165,NA,44.818791,-0.57238,43:49.2
188,8040314,8150600,Entire home/apt,NA,Centre ville,4,5,3,2,110,NA,44.847078,-0.583684,41:19.0
189,12333095,66549133,Entire home/apt,NA,La Bastide,0,0,3,2,165,NA,44.842336,-0.549298,29:42.2
190,3319874,16763001,Entire home/apt,NA,Caudéran,108,4.5,4,1,44,NA,44.854731,-0.61011,00:08.4
191,16281150,38835207,Entire home/apt,NA,Saint-Michel - Nansouty - Saint-Genès,1,0,2,1,82,NA,44.83521,-0.567731,51:52.7
192,13619536,78874815,Entire home/apt,NA,Caudéran,19,5,6,3,110,NA,44.837815,-0.605009,39:36.9
193,17277018,116512660,Entire home/apt,NA,Saint-Michel - Nansouty - Saint-Genès,0,0,6,3,53,NA,44.82325,-0.579142,09:26.8
194,12936375,71052055,Entire home/apt,NA,La Bastide,65,5,6,2,99,NA,44.852322,-0.542527,26:58.1
195,1858485,9071387,Private room,NA,Saint-Michel - Nansouty - Saint-Genès,1,0,2,1,44,NA,44.83413,-0.572694,44:06.5
196,6273204,17481578,Private room,NA,Bordeaux Sud,0,0,2,1,110,NA,44.821934,-0.566551,45:08.4
197,13407626,76339311,Entire home/apt,NA,Bordeaux Maritime,14,5,2,1,66,NA,44.866726,-0.548008,51:06.3
198,6497291,15996320,Entire home/apt,NA,Centre ville,33,4.5,2,1,49,NA,44.840186,-0.588255,00:39.6
199,5506419,28559696,Entire home/apt,NA,Centre ville,4,4.5,10,6,318,NA,44.848073,-0.592214,44:41.2
200,6308919,30331936,Entire home/apt,NA,Saint-Michel - Nansouty - Saint-Genès,18,4.5,4,1,49,NA,44.824457,-0.586569,15:21.6
201,3153425,6018582,Entire home/apt,NA,Saint-Michel - Nansouty - Saint-Genès,2,0,2,1,43,NA,44.830966,-0.575156,13:59.3
202,13039649,72109900,Private room,NA,Victor Hugo - Saint-Augustin,29,4,2,1,33,NA,44.836815,-0.574418,29:00.7
203,6863145,35964125,Entire home/apt,NA,Saint-Michel - Nansouty - Saint-Genès,22,4.5,3,1,77,NA,44.834795,-0.56584,51:07.7
204,8289748,25402601,Private room,NA,Centre ville,11,5,2,1,49,NA,44.840293,-0.577204,44:04.8
205,6819751,35712300,Entire home/apt,NA,Victor Hugo - Saint-Augustin,7,4.5,2,0,47,NA,44.836406,-0.570922,04:45.1
206,1509955,8064781,Entire home/apt,NA,Centre ville,8,5,2,0,55,NA,44.843195,-0.570709,02:49.2
207,4641758,5808993,Entire home/apt,NA,Grand Parc - Paul Doumer,88,5,2,1,44,NA,44.849476,-0.572617,59:26.9
208,1821111,9533993,Entire home/apt,NA,Centre ville,19,4.5,2,1,66,NA,44.839297,-0.575229,53:44.4
209,9018278,39522772,Private room,NA,Bordeaux Sud,4,5,2,1,28,NA,44.824876,-0.566692,29:25.1
210,14008232,18796190,Entire home/apt,NA,Bordeaux Maritime,3,5,6,2,153,NA,44.854428,-0.566329,43:54.9
211,18013446,123846749,Entire home/apt,NA,Grand Parc - Paul Doumer,0,0,6,3,132,NA,44.85758,-0.589333,43:07.7
212,16095751,15419026,Entire home/apt,NA,Centre ville,0,0,4,2,165,NA,44.846606,-0.580951,43:47.5
213,16451688,107912258,Entire home/apt,NA,Bordeaux Maritime,0,0,4,2,132,NA,44.861573,-0.559866,43:07.7
214,9485917,9382960,Entire home/apt,NA,Centre ville,3,4.5,8,4,330,NA,44.844311,-0.575289,44:43.4
215,12621351,27577149,Private room,NA,Bordeaux Sud,0,0,2,1,82,NA,44.815736,-0.571524,44:57.0
216,5871497,22235570,Entire home/apt,NA,Grand Parc - Paul Doumer,0,0,2,0,77,NA,44.845698,-0.577818,53:49.9
217,7304201,32275853,Entire home/apt,NA,Bordeaux Maritime,9,4.5,2,1,53,NA,44.861492,-0.560315,00:03.8
218,6600048,12638118,Entire home/apt,NA,Bordeaux Sud,60,4.5,4,2,64,NA,44.824237,-0.557559,51:35.0
219,872948,4561878,Entire home/apt,NA,Saint-Michel - Nansouty - Saint-Genès,3,3.5,4,2,83,NA,44.831957,-0.575596,28:53.6
220,5695279,9312242,Entire home/apt,NA,Bordeaux Maritime,0,0,4,1,110,NA,44.865847,-0.567632,40:15.7
221,4450127,9312848,Entire home/apt,NA,Centre ville,246,5,4,0,76,NA,44.842484,-0.573415,51:40.5
222,11848101,29174473,Entire home/apt,NA,Grand Parc - Paul Doumer,11,4.5,5,1,61,NA,44.849559,-0.573106,01:28.7
223,3591507,1563225,Entire home/apt,NA,Saint-Michel - Nansouty - Saint-Genès,116,5,7,3,160,NA,44.833597,-0.566761,29:30.4
224,2744840,9351244,Entire home/apt,NA,Bordeaux Maritime,58,4.5,3,1,35,NA,44.864915,-0.552564,54:21.5
225,17674625,9887655,Entire home/apt,NA,Centre ville,1,0,4,1,71,NA,44.842616,-0.587118,54:35.6
226,17207525,83680762,Entire home/apt,NA,Bordeaux Maritime,2,0,4,1,66,NA,44.860695,-0.554439,52:00.5
227,14551359,90066164,Private room,NA,Centre ville,1,0,2,1,33,NA,44.837078,-0.579549,30:46.5
228,11703106,20479750,Entire home/apt,NA,Saint-Michel - Nansouty - Saint-Genès,32,4.5,4,1,49,NA,44.828251,-0.573668,08:29.4
229,17783551,74263747,Entire home/apt,NA,Centre ville,0,0,2,0,22,NA,44.841143,-0.58111,53:55.2
230,15202413,31535717,Entire home/apt,NA,Grand Parc - Paul Doumer,26,5,4,1,54,NA,44.863752,-0.57818,59:20.0
231,7777652,40919925,Entire home/apt,NA,Centre ville,0,0,2,0,77,NA,44.849041,-0.596138,51:01.3
232,13859638,38091668,Entire home/apt,NA,Centre ville,0,0,2,1,66,NA,44.840651,-0.581728,53:48.3
233,12560745,19368184,Entire home/apt,NA,Centre ville,0,0,2,1,110,NA,44.837883,-0.573247,40:44.6
234,2793615,14288968,Entire home/apt,NA,Victor Hugo - Saint-Augustin,6,4.5,2,1,94,NA,44.83704,-0.570612,27:03.3
235,16908522,46376048,Entire home/apt,NA,Victor Hugo - Saint-Augustin,1,0,3,2,44,NA,44.83631,-0.568113,00:32.6
236,13905253,82447059,Private room,NA,La Bastide,0,0,2,1,50,NA,44.841355,-0.547436,42:39.2
237,3505998,14425557,Entire home/apt,NA,Centre ville,1,0,4,2,275,NA,44.841929,-0.579915,44:22.2
238,8157627,7828920,Entire home/apt,NA,Centre ville,8,5,4,2,115,NA,44.842798,-0.576169,40:41.3
239,3536687,17635417,Shared room,NA,Grand Parc - Paul Doumer,9,4.5,1,1,19,NA,44.850956,-0.582211,53:59.8
240,15968551,36472032,Entire home/apt,NA,Victor Hugo - Saint-Augustin,2,0,4,1,70,NA,44.831978,-0.596259,03:54.1
241,16779732,33726696,Entire home/apt,NA,Saint-Michel - Nansouty - Saint-Genès,3,5,2,0,46,NA,44.832955,-0.566008,06:38.1
242,6324277,12198512,Entire home/apt,NA,Centre ville,16,5,5,3,236,NA,44.842145,-0.573072,44:31.1
243,18054633,124258170,Entire home/apt,NA,Grand Parc - Paul Doumer,0,0,4,2,55,NA,44.853277,-0.592103,59:57.5
244,7594950,39827546,Private room,NA,Centre ville,3,4.5,2,1,77,NA,44.841184,-0.571584,44:58.8
245,12665320,68394936,Entire home/apt,NA,Centre ville,31,5,4,1,61,NA,44.841896,-0.57085,03:42.2
246,13314024,75249642,Entire home/apt,NA,La Bastide,0,0,2,1,47,NA,44.841647,-0.557804,00:47.2
247,17136083,35807940,Entire home/apt,NA,Grand Parc - Paul Doumer,5,5,2,1,71,NA,44.845883,-0.578325,50:48.2
248,4122808,15188630,Private room,NA,Bordeaux Sud,22,4.5,2,1,24,NA,44.81551,-0.554322,34:11.4
249,9688286,50040976,Entire home/apt,NA,Victor Hugo - Saint-Augustin,7,5,2,1,49,NA,44.834222,-0.6081,59:26.9
250,13570014,32421174,Private room,NA,Bordeaux Maritime,0,0,2,1,55,NA,44.861112,-0.557909,42:49.7
251,7237257,37814311,Entire home/apt,NA,Saint-Michel - Nansouty - Saint-Genès,0,0,4,2,275,NA,44.824076,-0.577655,44:24.2
252,18046379,32425928,Private room,NA,Bordeaux Sud,0,0,2,1,30,NA,44.828529,-0.570821,30:15.8
253,11896684,17807803,Private room,NA,Bordeaux Maritime,4,4,2,1,44,NA,44.876712,-0.570959,43:04.8
254,9781596,21803853,Private room,NA,Victor Hugo - Saint-Augustin,21,5,2,1,62,NA,44.83147,-0.596566,42:38.0
255,10820156,56019105,Entire home/apt,NA,Centre ville,15,4,2,0,36,NA,44.842328,-0.573264,55:55.1
256,13599713,31125630,Private room,NA,Bordeaux Maritime,2,0,2,1,22,NA,44.8705,-0.549624,30:35.9
257,1827133,9560601,Entire home/apt,NA,Victor Hugo - Saint-Augustin,83,4.5,4,1,68,NA,44.834711,-0.599475,59:38.3
258,9024323,35989236,Entire home/apt,NA,Centre ville,3,4,2,1,64,NA,44.846405,-0.593841,01:49.1
259,938888,5071243,Private room,NA,Centre ville,4,5,2,1,49,NA,44.850007,-0.590848,42:36.1
260,14409887,3857429,Entire home/apt,NA,Caudéran,0,0,4,2,24,NA,44.857663,-0.605156,54:18.5
261,15561161,10983196,Entire home/apt,NA,Bordeaux Maritime,3,5,5,2,88,NA,44.855302,-0.567945,27:41.8
262,13205789,22250772,Entire home/apt,NA,Bordeaux Sud,4,5,8,5,110,NA,44.81249,-0.567741,40:40.1
263,13164566,73528744,Entire home/apt,NA,Grand Parc - Paul Doumer,1,0,2,0,43,NA,44.847271,-0.580022,03:57.0
264,13439988,72691486,Entire home/apt,NA,Grand Parc - Paul Doumer,0,0,4,2,153,NA,44.850565,-0.572004,43:38.2
265,17859909,65239371,Entire home/apt,NA,Bordeaux Maritime,0,0,2,1,49,NA,44.877289,-0.553759,59:48.6
266,14813883,58483209,Entire home/apt,NA,Bordeaux Sud,1,0,4,2,83,NA,44.823188,-0.56033,28:39.2
267,4123897,5373425,Entire home/apt,NA,Centre ville,11,5,4,1,88,NA,44.84453,-0.580766,28:28.8
268,13952981,83074246,Private room,NA,Saint-Michel - Nansouty - Saint-Genès,1,0,2,1,55,NA,44.832368,-0.573467,44:06.5
269,16852345,112236426,Entire home/apt,NA,Centre ville,0,0,2,1,71,NA,44.840079,-0.580425,53:46.8
270,11970967,35202155,Private room,NA,Centre ville,1,0,1,1,61,NA,44.840245,-0.574883,43:35.6
271,12788804,41642959,Entire home/apt,NA,Bordeaux Sud,20,5,3,1,46,NA,44.82674,-0.57011,00:42.2
272,6696715,35055246,Entire home/apt,NA,Centre ville,32,4.5,5,3,121,NA,44.848371,-0.596343,41:23.2
273,5553764,28795256,Private room,NA,La Bastide,88,4.5,1,1,28,NA,44.845098,-0.548796,30:21.3
274,14664050,15321433,Private room,NA,Victor Hugo - Saint-Augustin,1,0,1,1,49,NA,44.8359,-0.569613,44:04.8
275,2231377,9477089,Private room,NA,Centre ville,14,4.5,2,1,55,NA,44.836654,-0.594455,42:39.2
276,402483,2008702,Private room,NA,La Bastide,13,4.5,2,1,38,NA,44.841418,-0.55913,35:21.3
277,13489059,17709092,Entire home/apt,NA,Bordeaux Maritime,14,4.5,3,1,49,NA,44.856751,-0.568556,59:57.5
278,11730267,9097134,Entire home/apt,NA,Saint-Michel - Nansouty - Saint-Genès,10,5,4,1,37,NA,44.829535,-0.572711,54:05.7
279,7395352,32480639,Private room,NA,Saint-Michel - Nansouty - Saint-Genès,0,0,1,1,33,NA,44.820512,-0.573141,33:15.5
280,14256632,53056578,Entire home/apt,NA,Centre ville,0,0,2,1,88,NA,44.840508,-0.570998,27:06.4
281,17918605,19280000,Entire home/apt,NA,Bordeaux Sud,0,0,2,1,28,NA,44.823876,-0.554903,54:48.5
282,10301205,53002009,Entire home/apt,NA,Bordeaux Maritime,9,4.5,2,1,77,NA,44.862349,-0.564737,51:22.4
283,10558536,54457910,Private room,NA,Bordeaux Maritime,4,5,2,1,55,NA,44.875381,-0.544794,42:39.2
284,15284144,68064682,Private room,NA,Victor Hugo - Saint-Augustin,3,5,2,1,54,NA,44.836803,-0.570967,42:39.2
285,15851750,89722137,Private room,NA,Victor Hugo - Saint-Augustin,0,0,4,1,66,NA,44.834435,-0.577442,44:57.0
286,6359720,33130358,Entire home/apt,NA,Centre ville,26,4.5,2,1,55,NA,44.851853,-0.590729,59:21.4
287,9210142,9207129,Entire home/apt,NA,Victor Hugo - Saint-Augustin,2,0,2,1,55,NA,44.83609,-0.568308,06:07.0
288,6189819,7382997,Entire home/apt,NA,Victor Hugo - Saint-Augustin,62,4.5,5,1,104,NA,44.829504,-0.588536,39:40.2
289,7164420,36788332,Entire home/apt,NA,Centre ville,0,0,2,0,110,NA,44.844817,-0.577386,41:19.0
290,8923505,46662764,Private room,NA,Saint-Michel - Nansouty - Saint-Genès,14,4.5,2,1,33,NA,44.833031,-0.56685,30:36.0
291,12840578,25982593,Entire home/apt,NA,Victor Hugo - Saint-Augustin,0,0,4,1,54,NA,44.831863,-0.594955,09:57.0
292,15700199,99257665,Entire home/apt,NA,Centre ville,12,4.5,2,1,55,NA,44.840374,-0.573127,02:18.6
293,6498930,17137205,Entire home/apt,NA,Bordeaux Maritime,0,0,2,1,88,NA,44.854183,-0.568294,28:14.5
294,13024795,61555769,Private room,NA,Bordeaux Sud,23,5,2,1,55,NA,44.820833,-0.564039,42:38.0
295,12072144,62016756,Entire home/apt,NA,Centre ville,5,4.5,5,2,137,NA,44.839986,-0.581077,43:22.1
296,15887204,102755020,Entire home/apt,NA,Victor Hugo - Saint-Augustin,16,4.5,2,0,44,NA,44.831013,-0.582387,08:04.5
297,13254579,9702323,Entire home/apt,NA,Centre ville,0,0,4,1,75,NA,44.8386,-0.573029,53:08.8
298,15217105,96683008,Entire home/apt,NA,Bordeaux Sud,1,0,3,0,47,NA,44.827021,-0.566589,00:18.6
299,11135377,6424676,Entire home/apt,NA,Centre ville,0,0,4,2,88,NA,44.841923,-0.57833,28:29.7
300,12421675,16937089,Entire home/apt,NA,Centre ville,2,0,3,1,77,NA,44.843714,-0.577524,54:41.0
301,3101095,15767272,Private room,NA,Bordeaux Sud,47,4.5,2,1,23,NA,44.816865,-0.552037,29:25.1
302,17164815,54778777,Entire home/apt,NA,Saint-Michel - Nansouty - Saint-Genès,3,4.5,2,0,33,NA,44.82831,-0.573728,54:01.3
303,5451526,8259535,Entire home/apt,NA,La Bastide,24,5,2,1,49,NA,44.850731,-0.545156,00:48.2
304,14477183,4125458,Entire home/apt,NA,Victor Hugo - Saint-Augustin,0,0,4,2,110,NA,44.836222,-0.578597,28:15.3
305,11481767,43309793,Entire home/apt,NA,Centre ville,35,5,4,1,97,NA,44.83918,-0.57225,26:12.9
306,17050138,114040414,Entire home/apt,NA,Caudéran,0,0,4,1,66,NA,44.844155,-0.626693,20:51.6
307,17693852,66622160,Entire home/apt,NA,Saint-Michel - Nansouty - Saint-Genès,3,4,2,0,33,NA,44.832671,-0.562541,53:55.2
308,5157919,10225282,Entire home/apt,NA,Centre ville,27,4.5,3,1,99,NA,44.841484,-0.581596,26:14.3
309,7193441,9382960,Entire home/apt,NA,Grand Parc - Paul Doumer,2,0,5,3,153,NA,44.851435,-0.57671,43:58.3
310,6861064,22389243,Private room,NA,Bordeaux Maritime,18,4.5,2,1,33,NA,44.854357,-0.571837,29:06.4
311,16118997,35626163,Entire home/apt,NA,Victor Hugo - Saint-Augustin,1,0,2,1,88,NA,44.834751,-0.575274,28:49.7
312,8630775,11778870,Private room,NA,La Bastide,88,4.5,2,1,28,NA,44.838531,-0.558341,30:24.5
313,7723359,17809988,Private room,NA,Centre ville,2,0,2,1,55,NA,44.840862,-0.573253,52:03.7
314,11861497,23248495,Private room,NA,Centre ville,8,3.5,2,1,31,NA,44.841131,-0.586355,36:27.0
315,4473721,15116567,Entire home/apt,NA,Bordeaux Maritime,3,4,4,1,81,NA,44.86469,-0.571424,51:18.5
316,8308499,35989969,Entire home/apt,NA,Caudéran,13,5,4,2,110,NA,44.839215,-0.603983,39:38.4
317,13904763,82441992,Entire home/apt,NA,Bordeaux Maritime,10,5,2,1,121,NA,44.857016,-0.560113,40:15.7
318,17394890,67453845,Entire home/apt,NA,Grand Parc - Paul Doumer,0,0,2,1,53,NA,44.853756,-0.575372,01:37.9
319,16458929,8380457,Entire home/apt,NA,Saint-Michel - Nansouty - Saint-Genès,12,4.5,2,1,44,NA,44.831171,-0.57424,05:45.2
320,16242478,55172412,Entire home/apt,NA,Bordeaux Sud,4,4,5,2,66,NA,44.826892,-0.563532,51:47.5
321,14507457,70873141,Entire home/apt,NA,Bordeaux Sud,3,4.5,4,1,88,NA,44.827997,-0.572312,27:03.4
322,1250274,6581487,Entire home/apt,NA,Centre ville,12,4.5,2,1,44,NA,44.846987,-0.58337,04:24.4
323,8693223,44588565,Entire home/apt,NA,Centre ville,3,4.5,2,1,61,NA,44.841009,-0.57091,17:31.5
324,14064085,63238876,Entire home/apt,NA,Centre ville,0,0,4,1,110,NA,44.840864,-0.581998,41:03.2
325,11615750,9157144,Entire home/apt,NA,Victor Hugo - Saint-Augustin,3,4.5,3,1,55,NA,44.836241,-0.572717,04:38.3
326,8398792,107108654,Entire home/apt,NA,Bordeaux Maritime,32,4.5,6,2,88,NA,44.858264,-0.566101,26:12.9
327,13341853,75576149,Private room,NA,Victor Hugo - Saint-Augustin,13,4.5,2,1,33,NA,44.836873,-0.569653,39:00.0
328,15736942,12548038,Entire home/apt,NA,Victor Hugo - Saint-Augustin,0,0,4,2,99,NA,44.830867,-0.589721,29:56.4
329,12328451,66530991,Private room,NA,Bordeaux Maritime,0,0,4,1,55,NA,44.855615,-0.563299,43:10.8
330,600316,2969641,Entire home/apt,NA,Bordeaux Maritime,81,4.5,4,1,99,NA,44.854433,-0.567215,26:27.8
331,11794883,51430735,Private room,NA,Bordeaux Maritime,6,4.5,2,1,29,NA,44.878007,-0.571901,29:34.2
332,14180576,19523170,Entire home/apt,NA,Bordeaux Maritime,1,0,6,2,66,NA,44.861215,-0.563857,51:16.7
333,13143984,73171331,Entire home/apt,NA,Victor Hugo - Saint-Augustin,7,4.5,2,0,76,NA,44.835445,-0.582157,51:59.1
334,17836897,47028697,Private room,NA,Grand Parc - Paul Doumer,0,0,1,1,28,NA,44.852459,-0.577228,29:05.5
335,16764304,15116567,Entire home/apt,NA,Centre ville,0,0,2,1,68,NA,44.843178,-0.580452,53:42.7
336,6818352,35701554,Entire home/apt,NA,Victor Hugo - Saint-Augustin,8,5,7,3,297,NA,44.837658,-0.568333,30:13.3
337,17885910,19390588,Private room,NA,Grand Parc - Paul Doumer,0,0,2,1,71,NA,44.854196,-0.572462,44:49.5
338,14908543,93634453,Entire home/apt,NA,La Bastide,4,5,4,1,61,NA,44.841677,-0.556305,00:57.7
339,3078497,15269337,Private room,NA,Centre ville,0,0,2,1,44,NA,44.837583,-0.573669,44:04.8
340,14992537,94521285,Entire home/apt,NA,Centre ville,10,4.5,4,1,44,NA,44.845478,-0.594935,59:25.4
341,1334537,7237421,Entire home/apt,NA,Bordeaux Maritime,27,4.5,4,1,71,NA,44.856734,-0.563367,52:05.9
342,6022390,21791601,Entire home/apt,NA,Centre ville,112,5,4,2,121,NA,44.837783,-0.589819,39:36.9
343,17708079,4803059,Private room,NA,Saint-Michel - Nansouty - Saint-Genès,1,0,2,1,40,NA,44.830907,-0.568407,29:25.1
344,15795269,102189823,Entire home/apt,NA,Caudéran,0,0,2,0,77,NA,44.856301,-0.60405,51:29.5
345,11902498,34350593,Entire home/apt,NA,Centre ville,3,4.5,6,3,308,NA,44.838364,-0.596819,44:18.2
346,6539121,15253592,Entire home/apt,NA,Victor Hugo - Saint-Augustin,1,0,6,2,88,NA,44.829293,-0.585962,28:57.6
347,5803318,30106103,Private room,NA,Centre ville,0,0,2,1,88,NA,44.842931,-0.592344,45:02.9
348,11289522,58986403,Entire home/apt,NA,Grand Parc - Paul Doumer,1,0,5,3,99,NA,44.854057,-0.574444,27:43.8
349,7165628,30303095,Entire home/apt,NA,Saint-Michel - Nansouty - Saint-Genès,13,4.5,4,2,65,NA,44.828459,-0.575213,59:02.2
350,2690733,13771979,Entire home/apt,NA,Grand Parc - Paul Doumer,19,4.5,9,4,137,NA,44.853417,-0.583922,43:14.4
351,13738100,80414378,Entire home/apt,NA,Saint-Michel - Nansouty - Saint-Genès,4,4.5,2,2,38,NA,44.827077,-0.575835,56:51.4
352,13427753,32101776,Entire home/apt,NA,Centre ville,1,0,2,0,89,NA,44.841624,-0.572945,26:22.3
353,16855007,44385238,Entire home/apt,NA,Grand Parc - Paul Doumer,0,0,4,1,77,NA,44.846865,-0.576302,53:42.6
354,18058006,28268327,Entire home/apt,NA,Saint-Michel - Nansouty - Saint-Genès,0,0,2,0,49,NA,44.822606,-0.576046,59:36.1
355,7619038,39960312,Entire home/apt,NA,Centre ville,0,0,2,1,55,NA,44.838878,-0.572431,08:09.9
356,13484701,77079532,Private room,NA,Victor Hugo - Saint-Augustin,31,5,2,1,38,NA,44.833996,-0.581053,30:43.0
357,12333785,20960656,Entire home/apt,NA,La Bastide,6,4,2,1,49,NA,44.840654,-0.559174,02:31.4
358,15318662,11748169,Entire home/apt,NA,Centre ville,0,0,4,2,132,NA,44.846412,-0.581057,43:10.9
359,4194157,21759584,Private room,NA,Caudéran,2,0,2,1,37,NA,44.846226,-0.621231,40:01.6
360,5945118,21088498,Entire home/apt,NA,Grand Parc - Paul Doumer,68,5,2,1,71,NA,44.851931,-0.57799,50:45.8
361,18037893,123207179,Entire home/apt,NA,Centre ville,0,0,4,2,165,NA,44.843686,-0.597159,43:35.4
362,13754212,61902512,Entire home/apt,NA,Victor Hugo - Saint-Augustin,5,5,4,2,66,NA,44.829802,-0.581699,58:42.6
363,17373379,30194885,Private room,NA,Bordeaux Sud,5,5,2,1,26,NA,44.829715,-0.571698,30:00.9
364,13411074,21167335,Entire home/apt,NA,Bordeaux Sud,10,4.5,6,2,82,NA,44.82244,-0.555016,55:48.8
365,3536503,9313105,Entire home/apt,NA,Centre ville,43,5,2,0,54,NA,44.845292,-0.5824,00:42.2
366,2763239,9382960,Entire home/apt,NA,Grand Parc - Paul Doumer,1,0,2,0,88,NA,44.847197,-0.571714,27:33.5
367,13044430,72165907,Private room,NA,Bordeaux Maritime,0,0,2,1,165,NA,44.878279,-0.57208,45:12.5
368,13048480,5485262,Entire home/apt,NA,Bordeaux Sud,5,5,6,2,99,NA,44.828773,-0.55744,27:02.5
369,6097698,31642724,Shared room,NA,Bordeaux Sud,53,4.5,4,1,33,NA,44.828003,-0.570451,53:59.8
370,14212868,43483926,Entire home/apt,NA,Centre ville,0,0,2,1,76,NA,44.844148,-0.587955,54:49.3
371,13768916,17510020,Entire home/apt,NA,Bordeaux Sud,5,4.5,5,2,115,NA,44.829057,-0.557478,40:07.8
372,14750046,91934585,Entire home/apt,NA,Bordeaux Sud,25,4,4,2,33,NA,44.83162,-0.562002,55:08.4
373,5924039,30755507,Entire home/apt,NA,Centre ville,19,4.5,4,2,142,NA,44.845963,-0.579303,43:20.5
374,13268863,74748891,Entire home/apt,NA,Saint-Michel - Nansouty - Saint-Genès,2,0,5,1,71,NA,44.832123,-0.565215,52:10.0
375,9818419,8012110,Entire home/apt,NA,Saint-Michel - Nansouty - Saint-Genès,0,0,6,3,88,NA,44.823512,-0.583255,28:57.6
376,17276806,27574859,Entire home/apt,NA,Grand Parc - Paul Doumer,4,4.5,4,1,38,NA,44.851894,-0.583717,53:56.4
377,12363165,16910926,Entire home/apt,NA,Centre ville,1,0,8,4,219,NA,44.844016,-0.586909,44:16.5
378,11249407,55923143,Entire home/apt,NA,Victor Hugo - Saint-Augustin,3,5,4,2,165,NA,44.830129,-0.586374,43:56.4
379,11352882,40014173,Entire home/apt,NA,Centre ville,16,4.5,4,1,71,NA,44.83853,-0.579089,50:50.1
380,16211165,5086197,Entire home/apt,NA,Centre ville,12,5,3,1,53,NA,44.839868,-0.574784,59:34.1
381,12790571,20650966,Private room,NA,Centre ville,4,4.5,4,1,28,NA,44.841921,-0.571688,29:10.2
382,18005977,36623984,Entire home/apt,NA,Saint-Michel - Nansouty - Saint-Genès,0,0,2,0,32,NA,44.833675,-0.574369,53:59.7
383,6354708,14429568,Entire home/apt,NA,Grand Parc - Paul Doumer,0,0,2,1,132,NA,44.850226,-0.57149,43:12.2
384,10958734,15122598,Entire home/apt,NA,Victor Hugo - Saint-Augustin,120,4.5,4,1,77,NA,44.837213,-0.571183,50:49.2
385,12118305,18153170,Entire home/apt,NA,Caudéran,0,0,6,3,366,NA,44.866353,-0.631168,41:15.4
386,983446,5390149,Entire home/apt,NA,La Bastide,4,4.5,3,2,43,NA,44.844386,-0.546514,00:50.9
387,13229806,72691486,Entire home/apt,NA,Centre ville,1,0,8,3,330,NA,44.844049,-0.576511,44:45.4
388,15282021,23689300,Entire home/apt,NA,Grand Parc - Paul Doumer,0,0,2,0,49,NA,44.847639,-0.579191,01:28.6
389,14339813,82019708,Entire home/apt,NA,Victor Hugo - Saint-Augustin,0,0,4,1,55,NA,44.836529,-0.573191,04:43.9
390,3816758,12094212,Entire home/apt,NA,Centre ville,10,4.5,4,1,98,NA,44.83994,-0.580663,28:32.9
391,13921822,19371220,Entire home/apt,NA,Bordeaux Sud,0,0,5,3,94,NA,44.819695,-0.565354,29:33.1
392,9249642,26361239,Private room,NA,Bordeaux Sud,1,0,2,1,33,NA,44.825836,-0.558974,30:21.3
393,14362746,32107759,Entire home/apt,NA,Grand Parc - Paul Doumer,0,0,2,1,77,NA,44.845577,-0.573848,54:27.8
394,11793282,62806335,Private room,NA,Bordeaux Maritime,1,0,2,1,33,NA,44.85753,-0.568604,29:45.6
395,13447885,40218043,Entire home/apt,NA,Centre ville,0,0,2,0,44,NA,44.845064,-0.580497,04:05.6
396,13068804,30148042,Private room,NA,Saint-Michel - Nansouty - Saint-Genès,0,0,2,1,175,NA,44.828449,-0.580467,45:12.6
397,12963113,71282073,Entire home/apt,NA,Grand Parc - Paul Doumer,2,0,2,0,49,NA,44.851058,-0.582596,01:43.6
398,17957371,56945001,Entire home/apt,NA,Bordeaux Sud,0,0,4,2,54,NA,44.829839,-0.571323,59:33.1
399,2429044,10888994,Entire home/apt,NA,Grand Parc - Paul Doumer,1,0,2,1,88,NA,44.846684,-0.573276,28:28.8
400,7186225,29728812,Entire home/apt,NA,Grand Parc - Paul Doumer,2,0,4,1,55,NA,44.850599,-0.586704,02:53.9
401,1017573,4589630,Private room,NA,Bordeaux Maritime,12,4.5,3,1,49,NA,44.858724,-0.573317,43:09.4
402,16472594,14743172,Entire home/apt,NA,Bordeaux Sud,5,4,2,1,44,NA,44.814864,-0.567626,00:29.5
403,12341793,66630614,Private room,NA,Caudéran,1,0,2,1,33,NA,44.857366,-0.617931,29:22.2
404,11355143,13813016,Entire home/apt,NA,Centre ville,36,4.5,6,2,99,NA,44.839432,-0.572146,26:16.3
405,15672809,64279174,Entire home/apt,NA,Bordeaux Sud,2,0,8,3,143,NA,44.823465,-0.563191,43:23.9
406,6402190,33385786,Entire home/apt,NA,Centre ville,1,0,6,2,99,NA,44.841057,-0.57259,28:31.4
407,13721757,75718528,Entire home/apt,NA,Centre ville,0,0,2,0,38,NA,44.840966,-0.578039,54:25.9
408,17697995,26284244,Entire home/apt,NA,Bordeaux Sud,0,0,6,4,132,NA,44.812392,-0.572,43:18.5
409,12198833,65585107,Entire home/apt,NA,Saint-Michel - Nansouty - Saint-Genès,23,4.5,5,2,99,NA,44.826822,-0.578045,26:18.4
410,4472816,23206800,Entire home/apt,NA,Centre ville,1,0,4,2,143,NA,44.84297,-0.575423,29:21.1
411,6399889,33371113,Entire home/apt,NA,Saint-Michel - Nansouty - Saint-Genès,1,0,6,3,236,NA,44.825483,-0.579765,30:07.8
412,17967906,47986300,Entire home/apt,NA,Saint-Michel - Nansouty - Saint-Genès,0,0,2,1,52,NA,44.830051,-0.573971,59:22.6
413,13425017,70147646,Entire home/apt,NA,Centre ville,7,4.5,2,1,76,NA,44.840051,-0.573446,53:12.2
414,964043,2658645,Entire home/apt,NA,Grand Parc - Paul Doumer,3,4.5,6,3,219,NA,44.8461,-0.579126,44:26.0
415,17680993,513334,Entire home/apt,NA,Saint-Michel - Nansouty - Saint-Genès,0,0,2,1,61,NA,44.834652,-0.56439,00:55.0
416,9180951,47767424,Private room,NA,Centre ville,1,0,2,1,55,NA,44.842007,-0.597925,42:55.8
417,17877960,14046675,Entire home/apt,NA,Victor Hugo - Saint-Augustin,1,0,2,1,61,NA,44.837124,-0.568703,02:03.5
418,12668100,68828189,Entire home/apt,NA,Grand Parc - Paul Doumer,7,4.5,5,2,153,NA,44.850681,-0.573705,43:38.2
419,5911201,28763811,Entire home/apt,NA,Saint-Michel - Nansouty - Saint-Genès,39,5,2,1,102,NA,44.834417,-0.566801,26:23.5
420,4123645,21391924,Entire home/apt,NA,Saint-Michel - Nansouty - Saint-Genès,0,0,4,1,49,NA,44.833642,-0.570452,20:03.4
421,5907355,30682444,Entire home/apt,NA,Saint-Michel - Nansouty - Saint-Genès,65,4.5,2,1,55,NA,44.834974,-0.571488,06:08.6
422,17016246,48421571,Entire home/apt,NA,Victor Hugo - Saint-Augustin,8,5,4,1,55,NA,44.823089,-0.595176,15:20.2
423,13458123,76905495,Entire home/apt,NA,Caudéran,1,0,5,3,121,NA,44.849993,-0.601236,39:43.5
424,9037105,4240422,Private room,NA,Centre ville,0,0,4,2,28,NA,44.848618,-0.585638,32:06.6
425,2631932,8936529,Entire home/apt,NA,Saint-Michel - Nansouty - Saint-Genès,2,0,5,3,165,NA,44.833516,-0.570043,43:56.4
426,16304222,12595418,Entire home/apt,NA,Centre ville,8,4.5,4,0,66,NA,44.839895,-0.568801,50:45.3
427,14866086,19398538,Private room,NA,Caudéran,6,4.5,2,1,36,NA,44.860468,-0.612417,29:28.2
428,16748961,40782239,Private room,NA,Victor Hugo - Saint-Augustin,22,4.5,2,1,33,NA,44.831117,-0.582904,29:02.1
429,12013245,12347418,Entire home/apt,NA,La Bastide,5,4.5,6,4,127,NA,44.845305,-0.558001,43:12.2
430,15627831,100743767,Entire home/apt,NA,Centre ville,1,0,2,1,33,NA,44.844348,-0.578758,47:27.1
431,13264173,47404754,Entire home/apt,NA,Saint-Michel - Nansouty - Saint-Genès,17,4.5,6,2,110,NA,44.832753,-0.574209,40:00.9
432,14509444,89642941,Private room,NA,Grand Parc - Paul Doumer,15,4.5,4,1,38,NA,44.845567,-0.576959,30:59.7
433,12999883,8778584,Entire home/apt,NA,Centre ville,25,4.5,3,0,49,NA,44.839077,-0.568475,59:26.8
434,17004526,13352994,Entire home/apt,NA,Centre ville,8,4.5,2,0,48,NA,44.840318,-0.578378,59:43.1
435,13462783,41291778,Entire home/apt,NA,Victor Hugo - Saint-Augustin,2,0,4,1,68,NA,44.833145,-0.585479,56:13.0
436,5856802,30409502,Entire home/apt,NA,Bordeaux Maritime,9,4.5,2,1,55,NA,44.858986,-0.567706,00:00.5
437,16954588,77329802,Entire home/apt,NA,Centre ville,12,4.5,2,1,43,NA,44.840113,-0.581023,03:59.5
438,16786963,7214649,Entire home/apt,NA,Grand Parc - Paul Doumer,5,4,2,1,48,NA,44.854571,-0.578382,59:30.8
439,13618137,37123031,Entire home/apt,NA,Bordeaux Maritime,2,0,2,1,47,NA,44.856256,-0.57272,59:57.5
440,9857407,7516609,Private room,NA,Saint-Michel - Nansouty - Saint-Genès,8,4.5,2,1,24,NA,44.834728,-0.566724,30:33.1
441,11099083,57641473,Private room,NA,Bordeaux Sud,0,0,4,1,55,NA,44.821678,-0.566716,43:35.6
442,17608551,77498737,Entire home/apt,NA,Bordeaux Sud,3,3.5,2,0,38,NA,44.829156,-0.569917,54:23.1
443,16971644,70566615,Private room,NA,Saint-Michel - Nansouty - Saint-Genès,2,0,1,0,20,NA,44.831474,-0.566748,29:04.2
444,15080178,53015958,Entire home/apt,NA,Caudéran,3,4,7,4,88,NA,44.857511,-0.63639,26:30.9
445,3307260,7403569,Entire home/apt,NA,Bordeaux Maritime,8,5,4,2,110,NA,44.859431,-0.558557,40:13.0
446,12800125,21597735,Private room,NA,Bordeaux Maritime,0,0,2,1,44,NA,44.866588,-0.569854,42:54.4
447,10507763,19301447,Entire home/apt,NA,Centre ville,10,4,4,2,127,NA,44.840001,-0.576672,40:11.0
448,13806424,29205033,Entire home/apt,NA,Centre ville,1,0,7,4,269,NA,44.844501,-0.594757,44:20.0
449,12898168,30205218,Entire home/apt,NA,Saint-Michel - Nansouty - Saint-Genès,22,5,2,1,82,NA,44.834662,-0.565238,51:42.0
450,6878591,36044494,Private room,NA,Grand Parc - Paul Doumer,0,0,1,1,49,NA,44.850297,-0.585611,43:50.4
451,17662041,58661847,Private room,NA,Victor Hugo - Saint-Augustin,1,0,2,1,22,NA,44.830803,-0.596883,33:38.7
452,15036598,46474528,Entire home/apt,NA,Grand Parc - Paul Doumer,22,5,4,1,94,NA,44.854208,-0.577066,26:37.9
453,13108220,72856253,Entire home/apt,NA,Centre ville,8,4.5,2,1,99,NA,44.841587,-0.572251,26:32.8
454,16688508,110491170,Private room,NA,Bordeaux Maritime,0,0,2,1,38,NA,44.861182,-0.55346,29:43.0
455,13593893,43442538,Entire home/apt,NA,Bordeaux Sud,9,4,2,1,23,NA,44.827862,-0.569002,54:12.7
456,17474768,118341151,Entire home/apt,NA,Grand Parc - Paul Doumer,0,0,4,1,55,NA,44.851016,-0.581623,59:25.4
457,5142047,26314576,Entire home/apt,NA,Centre ville,6,4.5,2,0,57,NA,44.841844,-0.579542,03:00.6
458,5712980,2704177,Private room,NA,Saint-Michel - Nansouty - Saint-Genès,8,5,3,1,38,NA,44.828304,-0.578167,31:49.2
459,7580916,19952222,Entire home/apt,NA,Grand Parc - Paul Doumer,1,0,2,1,53,NA,44.854409,-0.57803,00:02.2
460,12214099,65697875,Entire home/apt,NA,Centre ville,16,4.5,2,1,110,NA,44.839681,-0.574175,39:38.3
461,9964759,48419586,Entire home/apt,NA,Centre ville,2,0,4,1,99,NA,44.842448,-0.585426,27:24.6
462,5925063,30766362,Entire home/apt,NA,Bordeaux Maritime,23,4.5,6,3,98,NA,44.857835,-0.572727,26:27.9
463,717608,1229567,Entire home/apt,NA,La Bastide,35,5,6,3,131,NA,44.841725,-0.549006,29:18.4
464,13103956,19241745,Entire home/apt,NA,Saint-Michel - Nansouty - Saint-Genès,0,0,4,1,77,NA,44.834616,-0.564559,52:07.4
465,6832353,16093573,Entire home/apt,NA,Bordeaux Sud,0,0,4,2,57,NA,44.826598,-0.569742,08:49.8
466,3142786,15956899,Private room,NA,Bordeaux Sud,1,0,2,1,38,NA,44.819368,-0.569634,33:17.9
467,13798233,81042862,Private room,NA,Grand Parc - Paul Doumer,4,5,2,1,82,NA,44.850224,-0.573906,44:49.5
468,12360327,66763861,Entire home/apt,NA,Bordeaux Maritime,7,4.5,8,3,152,NA,44.880359,-0.544476,43:51.4
469,13491298,19390200,Entire home/apt,NA,Saint-Michel - Nansouty - Saint-Genès,0,0,4,1,71,NA,44.83433,-0.573982,51:43.2
470,13462538,64725025,Entire home/apt,NA,Saint-Michel - Nansouty - Saint-Genès,0,0,4,0,49,NA,44.834027,-0.572709,09:06.7
471,8502184,5117026,Private room,NA,Centre ville,0,0,2,1,71,NA,44.84054,-0.587109,53:19.2
472,12144488,7495471,Private room,NA,Centre ville,1,0,2,1,88,NA,44.842144,-0.59051,45:02.9
473,630726,3144653,Entire home/apt,NA,Centre ville,11,4.5,6,2,110,NA,44.844057,-0.581267,41:15.4
474,13275600,74816140,Entire home/apt,NA,Bordeaux Sud,9,4.5,2,0,76,NA,44.828977,-0.569673,50:59.9
475,11600121,37600124,Entire home/apt,NA,Centre ville,6,5,2,0,44,NA,44.839056,-0.569576,03:45.6
476,14600943,70929941,Entire home/apt,NA,Bordeaux Sud,4,5,4,1,71,NA,44.829988,-0.565128,52:07.5
477,15095783,23347757,Private room,NA,Bordeaux Sud,5,5,2,1,30,NA,44.829421,-0.557751,29:22.1
478,17645262,2420500,Entire home/apt,NA,Centre ville,0,0,2,0,55,NA,44.843465,-0.574065,03:33.8
479,11526604,8012607,Entire home/apt,NA,Saint-Michel - Nansouty - Saint-Genès,2,0,6,3,88,NA,44.822371,-0.583244,28:57.6
480,5924402,30763496,Private room,NA,Grand Parc - Paul Doumer,9,4.5,2,1,94,NA,44.850894,-0.586201,45:01.9
481,9431000,16486848,Private room,NA,Centre ville,5,4.5,2,1,44,NA,44.838305,-0.579031,44:06.5
482,5575757,28909340,Entire home/apt,NA,Saint-Michel - Nansouty - Saint-Genès,5,5,2,1,31,NA,44.81712,-0.573968,54:54.7
483,6741576,4245094,Entire home/apt,NA,Caudéran,0,0,6,3,217,NA,44.867813,-0.631904,44:33.0
484,1096971,6028135,Entire home/apt,NA,Saint-Michel - Nansouty - Saint-Genès,47,4.5,2,1,66,NA,44.833953,-0.571119,51:49.4
485,18038656,51195155,Entire home/apt,NA,Grand Parc - Paul Doumer,0,0,2,1,44,NA,44.853725,-0.579029,59:29.4
486,15745322,45650340,Entire home/apt,NA,Saint-Michel - Nansouty - Saint-Genès,3,3,4,1,54,NA,44.826825,-0.574289,12:30.6
487,10518910,54052776,Private room,NA,Centre ville,1,0,2,1,66,NA,44.843054,-0.591376,44:49.5
488,11494268,17583145,Entire home/apt,NA,Bordeaux Maritime,15,4.5,8,3,61,NA,44.85792,-0.573991,59:59.2
489,4480814,5388329,Private room,NA,Saint-Michel - Nansouty - Saint-Genès,151,4.5,1,1,22,NA,44.829987,-0.576186,30:06.3
490,13782775,80936834,Entire home/apt,NA,Victor Hugo - Saint-Augustin,3,5,4,1,55,NA,44.833647,-0.5849,59:41.8
491,16093431,42376384,Entire home/apt,NA,Centre ville,3,5,8,4,186,NA,44.843191,-0.581082,44:09.4
492,15112269,4723199,Entire home/apt,NA,Bordeaux Sud,2,0,2,1,71,NA,44.826253,-0.562057,55:44.4
493,18029733,42133086,Entire home/apt,NA,La Bastide,0,0,5,2,104,NA,44.840372,-0.561091,39:48.4
494,1710256,8936529,Entire home/apt,NA,Saint-Michel - Nansouty - Saint-Genès,157,4.5,4,2,99,NA,44.834578,-0.568349,26:33.6
495,5296866,27433880,Entire home/apt,NA,Bordeaux Sud,25,4.5,6,3,104,NA,44.831071,-0.5624,40:09.7
496,11682484,37314741,Entire home/apt,NA,Bordeaux Maritime,0,0,2,1,110,NA,44.854807,-0.570165,40:00.9
497,9526577,4310833,Entire home/apt,NA,Victor Hugo - Saint-Augustin,3,5,2,1,99,NA,44.832911,-0.575813,26:18.4
498,909916,4815154,Private room,NA,Centre ville,0,0,2,1,143,NA,44.838877,-0.580726,45:11.3
499,16420324,18307841,Entire home/apt,NA,Saint-Michel - Nansouty - Saint-Genès,9,4.5,3,2,57,NA,44.828268,-0.578532,59:40.5
500,13388879,5566230,Private room,NA,Bordeaux Maritime,19,4.5,2,1,60,NA,44.859915,-0.563625,43:04.8
